timestamp_utc,run_name,mode,git_sha,git_dirty,score,score_key,run_dir,notes
2026-06-03T07:27:08.080113+00:00,scale-window-20260603T064353Z-eaf6b40,full,eaf6b40d43e3d76fc4cf25b1e1de8ad9f85cd7fc,0,0.990234,metrics.eval_clean.loop3.label_exact,runs/scale-window-20260603T064353Z-eaf6b40,GPU1 scale-up window run d_model96 layers8 batch384 steps800 eval1024
2026-06-03T09:55:48.965553+00:00,9x9-cliff-20260603T090939Z-d8ce276,full,d8ce276da2463c30ae865cd5ba6f4bab4bdee0f5,0,,missing_result_json,runs/9x9-cliff-20260603T090939Z-d8ce276,2026-06-03T09:24Z abort: 9x9 RWKV toy PyTorch scan failed step100 latency kill criterion; pivot to CUDA RWKV7 before further scale-up.
2026-06-03T09:55:49.014423+00:00,9x9-cliff-small-20260603T092602Z-d8ce276,full,d8ce276da2463c30ae865cd5ba6f4bab4bdee0f5,0,,missing_result_json,runs/9x9-cliff-small-20260603T092602Z-d8ce276,"2026-06-03T09:51Z abort: smaller 9x9 probe stopped after user-directed insight that current RWKV is toy/inefficient; next decision is CUDA RWKV7 integration, not more batch/curriculum tuning."
2026-06-03T10:24:27.574823+00:00,rwkv7-statepassing-smoke-20260603T102408Z-3323172,smoke,3323172bfe2b395d05d13bcf30abd1b810be18d5,0,0.000000,metrics.eval_clean.loop1.label_exact,runs/rwkv7-statepassing-smoke-20260603T102408Z-3323172,2026-06-03T10:24:08Z GPU1 A100 CUDA state-passing RWKV7 smoke at 3323172. Purpose: verify official RWKV-CUDA statepassing clampw compiles and runs forward/backward after wind movmatrix failure on sm80. Result: 1-step 4x4 smoke completed; score is not a model-quality signal.
2026-06-03T10:30:17.025354+00:00,rwkv7-wind-smoke-20260603T101148Z-65e20a5,smoke,65e20a52839b3429c89310d4480c97ae478344bd,0,,missing_result_json,runs/rwkv7-wind-smoke-20260603T101148Z-65e20a5,"2026-06-03T10:11:48Z GPU1 A100 wind CUDA compile probe at 65e20a5. Insight: modded-nanogpt wind source reaches ptxas but fails on movmatrix for sm80/CUDA12.6, so wind is not a viable GPU1 default. Decision: switch to official RWKV-CUDA statepassing clampw."
2026-06-03T10:30:32.906379+00:00,9x9-rwkv7-cuda-throughput-20260603T103019Z-2c21f96,full,2c21f96b548ccf464b65e02e08a443dd56e1fe16,0,0.000000,metrics.eval_clean.loop2.label_exact,runs/9x9-rwkv7-cuda-throughput-20260603T103019Z-2c21f96,"2026-06-03T10:30:19Z GPU1 9x9 CUDA throughput probe at 2c21f96. Insight: after switching from toy PyTorch scan to RWKV7 statepassing CUDA, step100 appears quickly and CE drops below 1.0 by step100 (0.9449), so the previous 9x9 kill was implementation throughput, not evidence against the FutureSeed hypothesis. Decision: eligible for a real 800-step 9x9 cliff run; 120-step exact=0 is not a quality conclusion."
2026-06-03T10:41:14.726838+00:00,9x9-cliff-cuda-20260603T103352Z-92ee7b9,full,92ee7b9eff3d8c092fc624372e94fc1b65cc5977,0,1.000000,metrics.eval_clean.loop5.label_exact,runs/9x9-cliff-cuda-20260603T103352Z-92ee7b9,"2026-06-03T10:33:52Z GPU1 9x9 viability cliff with official RWKV7 statepassing CUDA at 92ee7b9. Hypothesis: after replacing toy PyTorch RWKV with CUDA, FutureSeed/RWKV should scale from saturated 6x6 to real 9x9 constraints. Result: holes8 loop5 exact=1.0000, holes12=0.9629, holes16=0.8535; full-board loop1=0.9629 and loop5=1.0000; K8 oracle gap ~0. Decision: continue CUDA 9x9 direction; selector work is low priority."
2026-06-03T11:17:47.644570+00:00,9x9-ablate-no-loop-20260603T111606Z-5e2253f,full,5e2253f73a65ff7e7e128f5370b844f342710860,0,0.992188,metrics.eval_clean.loop1.label_exact,runs/9x9-ablate-no-loop-20260603T111606Z-5e2253f,"2026-06-03T11:16:06Z GPU1 9x9 ablation at 5e2253f. Hypothesis: remove outer recurrent loop to test whether 9x9 success is mostly one-pass local mapping. Result: holes12=0.9551, holes16=0.7715, full loop1=0.9922; compared with baseline holes16 loop5=0.8535. Decision: loop is not required for easy 8/12-hole solve, but contributes hard-hole global refinement (+0.082 holes16 vs no-loop; baseline loop gain +0.336)."
2026-06-03T11:24:49.883646+00:00,9x9-ablate-no-future-seed-20260603T111747Z-5e2253f,full,5e2253f73a65ff7e7e128f5370b844f342710860,0,0.066406,metrics.eval_clean.loop5.label_exact,runs/9x9-ablate-no-future-seed-20260603T111747Z-5e2253f,"2026-06-03T11:17:47Z GPU1 9x9 ablation at 5e2253f. Hypothesis: FUTURE_SEED_SCALE=0 tests whether cross-layer terminal-state seeding is structural or cosmetic. Result: train CE stayed high at step800=0.4498; full loop5 exact=0.0664, holes12=0.0195, holes16=0.0000; K8 oracle gap=0.127. Decision: FutureSeed is essential for 9x9 scaling and trajectory stability; do not spend next budget on longer no-seed training except as a targeted optimization study."
2026-06-03T11:32:13.343202+00:00,9x9-ablate-no-feature-noise-20260603T112449Z-5e2253f,full,5e2253f73a65ff7e7e128f5370b844f342710860,0,1.000000,metrics.eval_clean.loop5.label_exact,runs/9x9-ablate-no-feature-noise-20260603T112449Z-5e2253f,"2026-06-03T11:24:49Z GPU1 9x9 ablation at 5e2253f. Hypothesis: NOISE_SCALE=0 tests whether feature-diff noise is useful regularization or harmful variance after CUDA scale-up. Result: train CE step800=0.0007, holes12=0.9766, holes16=0.9004, K8 selector gap=0.000; this beats baseline holes16=0.8535. Decision: disable or reduce training feature noise for the next 9x9 scale run; keep rollout selector work low priority when FutureSeed is enabled."
2026-06-04T04:15:03.305590+00:00,eqr-fs-featurediff-9x9-clean-20260604T041335Z-cbbfbe9,eqr_probe,cbbfbe9e1401b1cf3521f4aaf3e36e11cacbe2a3,0,1.000000,metrics.eval_clean.loop4.label_exact,runs/eqr-fs-featurediff-9x9-clean-20260604T041335Z-cbbfbe9,"2026-06-04T04:13:35Z GPU1 EqR no-Hydra 9x9 FutureSeed+feature-diff probe at cbbfbe9. Hypothesis: EqR attractor recursion should exploit learned cross-level FutureSeed plus low-scale manifold-shaped feature noise without needing Hydra or flash_attn; if loop depth matters on holes12/16, this is a real mechanism branch rather than easy-distribution saturation. Result: train CE step600=0.0005 in 82.5s; holes8 loop4 exact=1.0000, holes12=0.9844, holes16=0.8945; loop gains are large (holes8 +0.9375, holes12 +0.9766, holes16 +0.8945). Decision: continue EqR FutureSeed direction; next high-ROI test is not broad ablation but selector/noise scheduling or harder-hole transfer. Lesson: flash_attn is unnecessary for this experiment; PyTorch CUDA SDPA is enough for seq81."
2026-06-04T04:40:48.130130+00:00,eqr-solid-base-s53-20260604T043657Z-66ff740,eqr_probe,66ff74066cab22774c03310a20e7bcdf25311f2b,0,1.000000,metrics.eval_clean.loop4.label_exact,runs/eqr-solid-base-s53-20260604T043657Z-66ff740,"2h solidification control: base EqR, original 4-8/8-12 curriculum. Strong baseline; used to test whether combo actually adds value."
2026-06-04T04:40:48.131288+00:00,eqr-solid-base-s52-20260604T043657Z-66ff740,eqr_probe,66ff74066cab22774c03310a20e7bcdf25311f2b,0,0.998047,metrics.eval_clean.loop4.label_exact,runs/eqr-solid-base-s52-20260604T043657Z-66ff740,"2h solidification control: base EqR, original 4-8/8-12 curriculum. Strong baseline; used to test whether combo actually adds value."
2026-06-04T04:40:50.702801+00:00,eqr-solid-fs_only-s52-20260604T043657Z-66ff740,eqr_probe,66ff74066cab22774c03310a20e7bcdf25311f2b,0,1.000000,metrics.eval_clean.loop4.label_exact,runs/eqr-solid-fs_only-s52-20260604T043657Z-66ff740,2h mechanism check: FutureSeed without feature noise. No stable advantage over base in original curriculum.
2026-06-04T04:40:51.098273+00:00,eqr-solid-fs_only-s53-20260604T043657Z-66ff740,eqr_probe,66ff74066cab22774c03310a20e7bcdf25311f2b,0,1.000000,metrics.eval_clean.loop4.label_exact,runs/eqr-solid-fs_only-s53-20260604T043657Z-66ff740,2h mechanism check: FutureSeed without feature noise. No stable advantage over base in original curriculum.
2026-06-04T04:43:32.463509+00:00,eqr-solid-fd_only-s52-20260604T043657Z-66ff740,eqr_probe,66ff74066cab22774c03310a20e7bcdf25311f2b,0,1.000000,metrics.eval_clean.loop4.label_exact,runs/eqr-solid-fd_only-s52-20260604T043657Z-66ff740,2h mechanism check: feature-diff noise without FutureSeed. No stable advantage over base and much slower.
2026-06-04T04:43:32.564495+00:00,eqr-solid-fd_only-s53-20260604T043657Z-66ff740,eqr_probe,66ff74066cab22774c03310a20e7bcdf25311f2b,0,1.000000,metrics.eval_clean.loop4.label_exact,runs/eqr-solid-fd_only-s53-20260604T043657Z-66ff740,2h mechanism check: feature-diff noise without FutureSeed. No stable advantage over base and much slower.
2026-06-04T04:43:32.819908+00:00,eqr-solid-combo-s52-20260604T043657Z-66ff740,eqr_probe,66ff74066cab22774c03310a20e7bcdf25311f2b,0,1.000000,metrics.eval_clean.loop4.label_exact,runs/eqr-solid-combo-s52-20260604T043657Z-66ff740,"2h solidification candidate: FutureSeed+feature-diff, original 4-8/8-12 curriculum. Viable but not clearly superior to base; substantially slower."
2026-06-04T04:43:33.057640+00:00,eqr-solid-combo-s53-20260604T043657Z-66ff740,eqr_probe,66ff74066cab22774c03310a20e7bcdf25311f2b,0,0.998047,metrics.eval_clean.loop4.label_exact,runs/eqr-solid-combo-s53-20260604T043657Z-66ff740,"2h solidification candidate: FutureSeed+feature-diff, original 4-8/8-12 curriculum. Viable but not clearly superior to base; substantially slower."
2026-06-04T04:50:38.675083+00:00,eqr-solid-orig_base-s54-20260604T044639Z-66ff740,eqr_probe,66ff74066cab22774c03310a20e7bcdf25311f2b,0,1.000000,metrics.eval_clean.loop4.label_exact,runs/eqr-solid-orig_base-s54-20260604T044639Z-66ff740,"2h solidification control: base EqR, original 4-8/8-12 curriculum. Strong baseline; used to test whether combo actually adds value."
2026-06-04T04:50:38.677191+00:00,eqr-solid-orig_base-s55-20260604T044639Z-66ff740,eqr_probe,66ff74066cab22774c03310a20e7bcdf25311f2b,0,1.000000,metrics.eval_clean.loop4.label_exact,runs/eqr-solid-orig_base-s55-20260604T044639Z-66ff740,"2h solidification control: base EqR, original 4-8/8-12 curriculum. Strong baseline; used to test whether combo actually adds value."
2026-06-04T04:51:42.708542+00:00,eqr-solid-hard_base-s52-20260604T044639Z-66ff740,eqr_probe,66ff74066cab22774c03310a20e7bcdf25311f2b,0,1.000000,metrics.eval_clean.loop4.label_exact,runs/eqr-solid-hard_base-s52-20260604T044639Z-66ff740,2h hard-curriculum control: base EqR trained 8-16/16-24. Very strong hard-hole baseline.
2026-06-04T04:51:42.894258+00:00,eqr-solid-hard_base-s53-20260604T044639Z-66ff740,eqr_probe,66ff74066cab22774c03310a20e7bcdf25311f2b,0,0.998047,metrics.eval_clean.loop4.label_exact,runs/eqr-solid-hard_base-s53-20260604T044639Z-66ff740,2h hard-curriculum control: base EqR trained 8-16/16-24. Very strong hard-hole baseline.
2026-06-04T04:54:00.264703+00:00,eqr-solid-orig_combo-s54-20260604T044639Z-66ff740,eqr_probe,66ff74066cab22774c03310a20e7bcdf25311f2b,0,0.998047,metrics.eval_clean.loop4.label_exact,runs/eqr-solid-orig_combo-s54-20260604T044639Z-66ff740,"2h solidification candidate: FutureSeed+feature-diff, original 4-8/8-12 curriculum. Viable but not clearly superior to base; substantially slower."
2026-06-04T04:54:01.126093+00:00,eqr-solid-orig_combo-s55-20260604T044639Z-66ff740,eqr_probe,66ff74066cab22774c03310a20e7bcdf25311f2b,0,1.000000,metrics.eval_clean.loop4.label_exact,runs/eqr-solid-orig_combo-s55-20260604T044639Z-66ff740,"2h solidification candidate: FutureSeed+feature-diff, original 4-8/8-12 curriculum. Viable but not clearly superior to base; substantially slower."
2026-06-04T04:55:01.579371+00:00,eqr-solid-hard_combo-s52-20260604T044639Z-66ff740,eqr_probe,66ff74066cab22774c03310a20e7bcdf25311f2b,0,1.000000,metrics.eval_clean.loop4.label_exact,runs/eqr-solid-hard_combo-s52-20260604T044639Z-66ff740,2h hard-curriculum candidate: FutureSeed+feature-diff trained 8-16/16-24. Small/noisy hard-hole deltas versus base at about 1.7-1.8x train time.
2026-06-04T04:55:02.837578+00:00,eqr-solid-hard_combo-s53-20260604T044639Z-66ff740,eqr_probe,66ff74066cab22774c03310a20e7bcdf25311f2b,0,1.000000,metrics.eval_clean.loop4.label_exact,runs/eqr-solid-hard_combo-s53-20260604T044639Z-66ff740,2h hard-curriculum candidate: FutureSeed+feature-diff trained 8-16/16-24. Small/noisy hard-hole deltas versus base at about 1.7-1.8x train time.
2026-06-04T05:04:32.792290+00:00,eqr-solid-hardrep_base-s56-20260604T045905Z-66ff740,eqr_probe,66ff74066cab22774c03310a20e7bcdf25311f2b,0,0.996094,metrics.eval_clean.loop4.label_exact,runs/eqr-solid-hardrep_base-s56-20260604T045905Z-66ff740,2h hard-curriculum control: base EqR trained 8-16/16-24. Very strong hard-hole baseline.
2026-06-04T05:04:38.037733+00:00,eqr-solid-hardrep_base-s54-20260604T045905Z-66ff740,eqr_probe,66ff74066cab22774c03310a20e7bcdf25311f2b,0,0.998047,metrics.eval_clean.loop4.label_exact,runs/eqr-solid-hardrep_base-s54-20260604T045905Z-66ff740,2h hard-curriculum control: base EqR trained 8-16/16-24. Very strong hard-hole baseline.
2026-06-04T05:04:38.159580+00:00,eqr-solid-hardrep_base-s55-20260604T045905Z-66ff740,eqr_probe,66ff74066cab22774c03310a20e7bcdf25311f2b,0,0.998047,metrics.eval_clean.loop4.label_exact,runs/eqr-solid-hardrep_base-s55-20260604T045905Z-66ff740,2h hard-curriculum control: base EqR trained 8-16/16-24. Very strong hard-hole baseline.
2026-06-04T05:04:38.298226+00:00,eqr-solid-hardrep_base-s57-20260604T045905Z-66ff740,eqr_probe,66ff74066cab22774c03310a20e7bcdf25311f2b,0,0.996094,metrics.eval_clean.loop4.label_exact,runs/eqr-solid-hardrep_base-s57-20260604T045905Z-66ff740,2h hard-curriculum control: base EqR trained 8-16/16-24. Very strong hard-hole baseline.
2026-06-04T05:08:40.522686+00:00,eqr-solid-hardrep_combo-s54-20260604T045905Z-66ff740,eqr_probe,66ff74066cab22774c03310a20e7bcdf25311f2b,0,0.998047,metrics.eval_clean.loop4.label_exact,runs/eqr-solid-hardrep_combo-s54-20260604T045905Z-66ff740,2h hard-curriculum candidate: FutureSeed+feature-diff trained 8-16/16-24. Small/noisy hard-hole deltas versus base at about 1.7-1.8x train time.
2026-06-04T05:08:43.113178+00:00,eqr-solid-hardrep_combo-s57-20260604T045905Z-66ff740,eqr_probe,66ff74066cab22774c03310a20e7bcdf25311f2b,0,1.000000,metrics.eval_clean.loop4.label_exact,runs/eqr-solid-hardrep_combo-s57-20260604T045905Z-66ff740,2h hard-curriculum candidate: FutureSeed+feature-diff trained 8-16/16-24. Small/noisy hard-hole deltas versus base at about 1.7-1.8x train time.
2026-06-04T05:08:43.454425+00:00,eqr-solid-hardrep_combo-s55-20260604T045905Z-66ff740,eqr_probe,66ff74066cab22774c03310a20e7bcdf25311f2b,0,0.996094,metrics.eval_clean.loop4.label_exact,runs/eqr-solid-hardrep_combo-s55-20260604T045905Z-66ff740,2h hard-curriculum candidate: FutureSeed+feature-diff trained 8-16/16-24. Small/noisy hard-hole deltas versus base at about 1.7-1.8x train time.
2026-06-04T05:08:46.388075+00:00,eqr-solid-hardrep_combo-s56-20260604T045905Z-66ff740,eqr_probe,66ff74066cab22774c03310a20e7bcdf25311f2b,0,0.998047,metrics.eval_clean.loop4.label_exact,runs/eqr-solid-hardrep_combo-s56-20260604T045905Z-66ff740,2h hard-curriculum candidate: FutureSeed+feature-diff trained 8-16/16-24. Small/noisy hard-hole deltas versus base at about 1.7-1.8x train time.
2026-06-04T06:07:31.830755+00:00,eqr-loopbudget-20260604T060226Z-0cc0d1b-loop2_base-s53,eqr_probe,0cc0d1bedf69e1f0aef8fa7a3ab3d4a61e0666e1,0,0.998047,metrics.eval_clean.loop2.label_exact,runs/eqr-loopbudget-20260604T060226Z-0cc0d1b-loop2_base-s53,2026-06-04 insight-driven FutureSeed loop-budget/bottleneck study on GPU1
2026-06-04T06:07:31.831249+00:00,eqr-loopbudget-20260604T060226Z-0cc0d1b-loop2_fs-s55,eqr_probe,0cc0d1bedf69e1f0aef8fa7a3ab3d4a61e0666e1,0,0.996094,metrics.eval_clean.loop2.label_exact,runs/eqr-loopbudget-20260604T060226Z-0cc0d1b-loop2_fs-s55,2026-06-04 insight-driven FutureSeed loop-budget/bottleneck study on GPU1
2026-06-04T06:07:31.831498+00:00,eqr-loopbudget-20260604T060226Z-0cc0d1b-loop2_base-s55,eqr_probe,0cc0d1bedf69e1f0aef8fa7a3ab3d4a61e0666e1,0,0.996094,metrics.eval_clean.loop2.label_exact,runs/eqr-loopbudget-20260604T060226Z-0cc0d1b-loop2_base-s55,2026-06-04 insight-driven FutureSeed loop-budget/bottleneck study on GPU1
2026-06-04T06:07:31.831619+00:00,eqr-loopbudget-20260604T060226Z-0cc0d1b-loop2_fs-s52,eqr_probe,0cc0d1bedf69e1f0aef8fa7a3ab3d4a61e0666e1,0,0.996094,metrics.eval_clean.loop2.label_exact,runs/eqr-loopbudget-20260604T060226Z-0cc0d1b-loop2_fs-s52,2026-06-04 insight-driven FutureSeed loop-budget/bottleneck study on GPU1
2026-06-04T06:07:31.831826+00:00,eqr-loopbudget-20260604T060226Z-0cc0d1b-loop2_fs-s53,eqr_probe,0cc0d1bedf69e1f0aef8fa7a3ab3d4a61e0666e1,0,0.998047,metrics.eval_clean.loop2.label_exact,runs/eqr-loopbudget-20260604T060226Z-0cc0d1b-loop2_fs-s53,2026-06-04 insight-driven FutureSeed loop-budget/bottleneck study on GPU1
2026-06-04T06:07:31.832307+00:00,eqr-loopbudget-20260604T060226Z-0cc0d1b-loop2_base-s52,eqr_probe,0cc0d1bedf69e1f0aef8fa7a3ab3d4a61e0666e1,0,0.994141,metrics.eval_clean.loop2.label_exact,runs/eqr-loopbudget-20260604T060226Z-0cc0d1b-loop2_base-s52,2026-06-04 insight-driven FutureSeed loop-budget/bottleneck study on GPU1
2026-06-04T06:07:31.832481+00:00,eqr-loopbudget-20260604T060226Z-0cc0d1b-loop2_base-s54,eqr_probe,0cc0d1bedf69e1f0aef8fa7a3ab3d4a61e0666e1,0,1.000000,metrics.eval_clean.loop2.label_exact,runs/eqr-loopbudget-20260604T060226Z-0cc0d1b-loop2_base-s54,2026-06-04 insight-driven FutureSeed loop-budget/bottleneck study on GPU1
2026-06-04T06:07:31.876297+00:00,eqr-loopbudget-20260604T060226Z-0cc0d1b-loop2_fs-s54,eqr_probe,0cc0d1bedf69e1f0aef8fa7a3ab3d4a61e0666e1,0,0.998047,metrics.eval_clean.loop2.label_exact,runs/eqr-loopbudget-20260604T060226Z-0cc0d1b-loop2_fs-s54,2026-06-04 insight-driven FutureSeed loop-budget/bottleneck study on GPU1
2026-06-04T06:18:55.489042+00:00,eqr-bottleneck-20260604T061410Z-0cc0d1b-bottleneck_base-s52,eqr_probe,0cc0d1bedf69e1f0aef8fa7a3ab3d4a61e0666e1,1,0.009766,metrics.eval_clean.loop4.label_exact,runs/eqr-bottleneck-20260604T061410Z-0cc0d1b-bottleneck_base-s52,2026-06-04 insight-driven FutureSeed loop-budget/bottleneck study on GPU1
2026-06-04T06:18:55.489142+00:00,eqr-bottleneck-20260604T061410Z-0cc0d1b-bottleneck_base-s54,eqr_probe,0cc0d1bedf69e1f0aef8fa7a3ab3d4a61e0666e1,1,0.109375,metrics.eval_clean.loop4.label_exact,runs/eqr-bottleneck-20260604T061410Z-0cc0d1b-bottleneck_base-s54,2026-06-04 insight-driven FutureSeed loop-budget/bottleneck study on GPU1
2026-06-04T06:18:55.490380+00:00,eqr-bottleneck-20260604T061410Z-0cc0d1b-bottleneck_base-s53,eqr_probe,0cc0d1bedf69e1f0aef8fa7a3ab3d4a61e0666e1,1,0.093750,metrics.eval_clean.loop4.label_exact,runs/eqr-bottleneck-20260604T061410Z-0cc0d1b-bottleneck_base-s53,2026-06-04 insight-driven FutureSeed loop-budget/bottleneck study on GPU1
2026-06-04T06:18:55.490571+00:00,eqr-bottleneck-20260604T061410Z-0cc0d1b-bottleneck_base-s55,eqr_probe,0cc0d1bedf69e1f0aef8fa7a3ab3d4a61e0666e1,1,0.021484,metrics.eval_clean.loop4.label_exact,runs/eqr-bottleneck-20260604T061410Z-0cc0d1b-bottleneck_base-s55,2026-06-04 insight-driven FutureSeed loop-budget/bottleneck study on GPU1
2026-06-04T06:18:55.491066+00:00,eqr-bottleneck-20260604T061410Z-0cc0d1b-bottleneck_fs-s54,eqr_probe,0cc0d1bedf69e1f0aef8fa7a3ab3d4a61e0666e1,1,0.097656,metrics.eval_clean.loop4.label_exact,runs/eqr-bottleneck-20260604T061410Z-0cc0d1b-bottleneck_fs-s54,2026-06-04 insight-driven FutureSeed loop-budget/bottleneck study on GPU1
2026-06-04T06:18:55.491092+00:00,eqr-bottleneck-20260604T061410Z-0cc0d1b-bottleneck_fs-s53,eqr_probe,0cc0d1bedf69e1f0aef8fa7a3ab3d4a61e0666e1,1,0.001953,metrics.eval_clean.loop4.label_exact,runs/eqr-bottleneck-20260604T061410Z-0cc0d1b-bottleneck_fs-s53,2026-06-04 insight-driven FutureSeed loop-budget/bottleneck study on GPU1
2026-06-04T06:19:01.126435+00:00,eqr-bottleneck-20260604T061410Z-0cc0d1b-bottleneck_fs-s55,eqr_probe,0cc0d1bedf69e1f0aef8fa7a3ab3d4a61e0666e1,1,0.113281,metrics.eval_clean.loop4.label_exact,runs/eqr-bottleneck-20260604T061410Z-0cc0d1b-bottleneck_fs-s55,2026-06-04 insight-driven FutureSeed loop-budget/bottleneck study on GPU1
2026-06-04T06:19:03.804606+00:00,eqr-bottleneck-20260604T061410Z-0cc0d1b-bottleneck_fs-s52,eqr_probe,0cc0d1bedf69e1f0aef8fa7a3ab3d4a61e0666e1,1,0.000000,metrics.eval_clean.loop4.label_exact,runs/eqr-bottleneck-20260604T061410Z-0cc0d1b-bottleneck_fs-s52,2026-06-04 insight-driven FutureSeed loop-budget/bottleneck study on GPU1
2026-06-04T06:19:46.725836+00:00,eqr-loopbudget-ext-20260604T061410Z-0cc0d1b-loop2_fs-s56,eqr_probe,0cc0d1bedf69e1f0aef8fa7a3ab3d4a61e0666e1,1,1.000000,metrics.eval_clean.loop2.label_exact,runs/eqr-loopbudget-ext-20260604T061410Z-0cc0d1b-loop2_fs-s56,2026-06-04 insight-driven FutureSeed loop-budget/bottleneck study on GPU1
2026-06-04T06:19:46.729052+00:00,eqr-loopbudget-ext-20260604T061410Z-0cc0d1b-loop2_base-s56,eqr_probe,0cc0d1bedf69e1f0aef8fa7a3ab3d4a61e0666e1,1,0.994141,metrics.eval_clean.loop2.label_exact,runs/eqr-loopbudget-ext-20260604T061410Z-0cc0d1b-loop2_base-s56,2026-06-04 insight-driven FutureSeed loop-budget/bottleneck study on GPU1
2026-06-04T06:19:46.729374+00:00,eqr-loopbudget-ext-20260604T061410Z-0cc0d1b-loop2_fs-s57,eqr_probe,0cc0d1bedf69e1f0aef8fa7a3ab3d4a61e0666e1,1,0.996094,metrics.eval_clean.loop2.label_exact,runs/eqr-loopbudget-ext-20260604T061410Z-0cc0d1b-loop2_fs-s57,2026-06-04 insight-driven FutureSeed loop-budget/bottleneck study on GPU1
2026-06-04T06:19:46.819475+00:00,eqr-loopbudget-ext-20260604T061410Z-0cc0d1b-loop2_base-s57,eqr_probe,0cc0d1bedf69e1f0aef8fa7a3ab3d4a61e0666e1,1,0.996094,metrics.eval_clean.loop2.label_exact,runs/eqr-loopbudget-ext-20260604T061410Z-0cc0d1b-loop2_base-s57,2026-06-04 insight-driven FutureSeed loop-budget/bottleneck study on GPU1
2026-06-04T07:24:14.752462+00:00,rwkv-fs-backbone-cliff2-20260604T070945Z-c9c212a-rwkv_nofs-s52,full,c9c212a9e99aa41bd1ada01c3eb9e3d7a9449324,0,0.003906,metrics.eval_clean.loop5.label_exact,runs/rwkv-fs-backbone-cliff2-20260604T070945Z-c9c212a-rwkv_nofs-s52,"2026-06-04 RWKV FutureSeed causal-backbone cliff on GPU1: FS on/off, no feature-noise training, 9x9 hard random holes."
2026-06-04T07:24:22.005069+00:00,rwkv-fs-backbone-cliff2-20260604T070945Z-c9c212a-rwkv_fs-s52,full,c9c212a9e99aa41bd1ada01c3eb9e3d7a9449324,0,0.996094,metrics.eval_clean.loop5.label_exact,runs/rwkv-fs-backbone-cliff2-20260604T070945Z-c9c212a-rwkv_fs-s52,"2026-06-04 RWKV FutureSeed causal-backbone cliff on GPU1: FS on/off, no feature-noise training, 9x9 hard random holes."
2026-06-04T08:57:25.192348+00:00,scaleup-d192l10-h40-20260604T0844Z-a5b3b4a,full,a5b3b4ae7cd6bbf98f1b065887cac04697373529,1,0.919922,metrics.eval_clean.loop5.label_exact,runs/scaleup-d192l10-h40-20260604T0844Z-a5b3b4a,"2026-06-04 GPU1 scale-up D192/L10 h40 curriculum: h32 loop5=0.9199, h40=0.5332, h44=0.1914; loop depth remains valuable after FutureSeed; h44 is global consistency cliff."
2026-06-04T09:55:59.532238+00:00,frontier-12x12-d256-h72-20260604T0920Z-f67e6a2,full,f67e6a2e909dc39ce5ba48f622d93b1ec43f5ab3,0,0.505208,metrics.eval_clean.loop5.label_exact,runs/frontier-12x12-d256-h72-20260604T0920Z-f67e6a2,"2026-06-04 GPU1 12x12 frontier: h48 loop5=0.8880, h60=0.5052, h72=0.0443, h84=0.0; loop1 exact=0 everywhere, so loop depth is mandatory for larger-board support."
2026-06-04T10:41:38.512425+00:00,frontier-16x16-foothold-d192-h64-20260604T1018Z-f67e6a2,full,f67e6a2e909dc39ce5ba48f622d93b1ec43f5ab3,1,0.000000,metrics.eval_clean.loop5.label_exact,runs/frontier-16x16-foothold-d192-h64-20260604T1018Z-f67e6a2,2026-06-04 GPU1 16x16 foothold: final CE=0.5792 but h32 exact=0.0039 and h48/h64/h80 exact=0; current paradigm does not form full-board consistency at 16x16 under this budget.
2026-06-04T13:13:37.037272+00:00,frontier-16x16-allloop-d256-l8-20260604T1234Z-75a8796,full,75a8796b822a80f66ebe9e3d1d5dc341d6505891,0,0.000000,metrics.eval_clean.loop8.label_exact,runs/frontier-16x16-allloop-d256-l8-20260604T1234Z-75a8796,"2026-06-04 GPU1 16x16 all-loop rescue: D256/L12 loop8 LOOP_LOSS=all worsened optimization; final CE=1.0498, h24/h32/h40/h48 exact=0, h32 blank_acc=0.3872. Naive equal per-loop supervision is not the fix."
2026-06-05T03:11:29.595970+00:00,frontier-16x16-delayed-unit-d256-l8-20260605T0236Z-37a3d6e,full,37a3d6ebfd64d4ce18d35345a4c0d5458369f6ea,0,0.000000,metrics.eval_clean.loop8.label_exact,runs/frontier-16x16-delayed-unit-d256-l8-20260605T0236Z-37a3d6e,"2026-06-05 GPU1 16x16 delayed loop + unit digit-mass loss: final CE=1.0642, h24/h32/h40/h48 exact=0, h32 blank_acc=0.3831, K8 oracle exact=0. Loss-only rescue is negative; next mechanism should be explicit unit-state passing."
2026-06-05T04:01:47.735307+00:00,frontier-16x16-unitstate-d192-h64-20260605T0349Z-e9eabcf,full,e9eabcff07c207335ec8930c479ee841996e3b90,0,0.691406,metrics.eval_clean.loop5.label_exact,runs/frontier-16x16-unitstate-d192-h64-20260605T0349Z-e9eabcf,"2026-06-05 GPU1 16x16 unit-state: explicit row/col/box state passing opens 16x16; h32 loop5 exact=0.6914, h48=0.2148, h64=0.0117, loop1->loop5 gain=+0.4883. Promote unit-state to larger-Sudoku mainline."
2026-06-05T07:43:59.260394+00:00,frontier-16x16-unitstate-d256-l12-loop7-h80-b32-20260605T0658Z-f170ff7,full,f170ff74bff34392a3bb32dbe8a3a1eb16c7a4ae,0,0.042969,metrics.eval_clean.loop7.label_exact,runs/frontier-16x16-unitstate-d256-l12-loop7-h80-b32-20260605T0658Z-f170ff7,"2026-06-05 GPU1 16x16 scaled unit-state: D256/L12/loop7 harder h32-80 curriculum improves h48 exact to 0.4180 and h64 to 0.0430, but h80 remains 0.0; batch64/batch48 OOM on 80GB. Scale helps but direct width/depth is not enough; next should target persistent/true unit tokens or longer curriculum, not 25x25 yet."
2026-06-05T08:35:25.523045+00:00,frontier-16x16-unitmem-d192-l10-loop7-h80-b48-20260605T0803Z-79004cf,full,79004cf56c965ae6e79070bd93bbf350f0da10ca,0,0.230469,metrics.eval_clean.loop7.label_exact,runs/frontier-16x16-unitmem-d192-l10-loop7-h80-b48-20260605T0803Z-79004cf,"2026-06-05 GPU1 16x16 persistent unit memory: smaller D192/L10/loop7 memory mode beats D256 pooled unit-state; h48 exact=0.6992, h64=0.2305, h80=0.0, final CE=0.1226. Structure beats direct scale; next run should extend h64-80 curriculum before 25x25."
2026-06-05T09:28:47.715789+00:00,frontier-16x16-unitmem-h80curr-d192-l10-loop7-b48-20260605T0850Z-0be64f4,full,0be64f46c954cdb578ebb34b0c6bcd63b4c64b32,0,0.062500,metrics.eval_clean.loop7.label_exact,runs/frontier-16x16-unitmem-h80curr-d192-l10-loop7-b48-20260605T0850Z-0be64f4,"2026-06-05 GPU1 16x16 unit-memory h80 curriculum: extended 64-80 stage opens h80 exact=0.0625, h72=0.2031, h64=0.4297, h88=0.0039, h96=0.0. h80 was partly curriculum-bound; 25x25 conservative feasibility is now justified."
2026-06-05T09:54:36.565612+00:00,frontier-25x25-unitmem-feas-d160-l8-loop5-b32-20260605T0937Z-710bb46,full,710bb46fbcf2c08b4dff1edf84c0e6baf6402ab4,0,0.074219,metrics.eval_clean.loop5.label_exact,runs/frontier-25x25-unitmem-feas-d160-l8-loop5-b32-20260605T0937Z-710bb46,2026-06-05 GPU1 25x25 conservative unit-memory feasibility: D160/L8/loop5 reaches h50 exact=0.5156 and h75=0.0742; h100/h125 remain 0 despite h100 blank_acc=0.9224. Current mainline supports low-hole 25x25; next target is h75-h100 transition.
2026-06-07T05:27:15+00:00,upperbound-25x25-unitmem-h100curr-d160-l8-loop5-b32-20260607T050029Z-46a0b06,full,46a0b061c4a3fd02b9f378792283915ba3746026,0,0.007812,metrics.eval_clean.loop5.label_exact,runs/upperbound-25x25-unitmem-h100curr-d160-l8-loop5-b32-20260607T050029Z-46a0b06,"2026-06-07 GPU1 25x25 upper-bound probe: persistent unit memory with h75-h100 curriculum opens h100 barely at exact=0.0078, h90=0.0078, h75=0.1289, h110=0.0; blank_acc h100=0.9381. Optimization is not the blocker; global consistency is. Next mechanism should be true unit tokens inside recurrent sequence, not blind width/depth sweep."
2026-06-08T04:31:22.138621+00:00,clean-scale-16x16-d256-l12-loop8-h64-b48-20260608T035314Z-f227f8f,full,f227f8f50e3d6eee296d6fcb7c7bad3fa1dbdc5d,0,,missing_result_json,runs/clean-scale-16x16-d256-l12-loop8-h64-b48-20260608T035314Z-f227f8f,"2026-06-08 clean Better Lesson scale probe: D256/L12/loop8 no Sudoku priors, h64 curriculum, batch48 OOM before step100 at 79.28GiB; relaunch batch32."
2026-06-08T04:31:22.184518+00:00,clean-scale-16x16-d256-l12-loop8-h64-b32-20260608T035725Z-f227f8f,full,f227f8f50e3d6eee296d6fcb7c7bad3fa1dbdc5d,0,,missing_result_json,runs/clean-scale-16x16-d256-l12-loop8-h64-b32-20260608T035725Z-f227f8f,"2026-06-08 clean Better Lesson scale probe: same D256/L12/loop8 no Sudoku priors, batch32 OOM before step100 at 79.30GiB; relaunch batch16."
2026-06-08T04:31:22.233361+00:00,clean-scale-16x16-d256-l12-loop8-h64-b16-20260608T040045Z-f227f8f,full,f227f8f50e3d6eee296d6fcb7c7bad3fa1dbdc5d,0,,missing_result_json,runs/clean-scale-16x16-d256-l12-loop8-h64-b16-20260608T040045Z-f227f8f,"2026-06-08 clean Better Lesson scale probe: batch16 fits D256/L12/loop8 but h64 curriculum was low ROI; step300 CE=1.4504 on 24-40 holes, stopped before harder stages."
2026-06-08T04:31:22.279558+00:00,clean-scale-16x16-d256-l12-loop8-h32-b16-20260608T041120Z-f227f8f,full,f227f8f50e3d6eee296d6fcb7c7bad3fa1dbdc5d,0,,missing_result_json,runs/clean-scale-16x16-d256-l12-loop8-h32-b16-20260608T041120Z-f227f8f,"2026-06-08 clean Better Lesson boundary-locator: no Sudoku priors, D256/L12/loop8 batch16; even 8-16 holes only reached CE=1.0208 by step300 and 16-24 holes stayed CE=1.2165 by step500; stopped as low ROI."
2026-06-08T05:14:58.810938+00:00,fsdecay16x16-d256-l12-loop8-h32-b16-s600eval-20260608T0520Z-24a95d5,full,24a95d5af5a40a532ca03d8083bc95245d11cdf5,0,0.000000,metrics.eval_clean.loop8.label_exact,runs/fsdecay16x16-d256-l12-loop8-h32-b16-s600eval-20260608T0520Z-24a95d5,2026-06-08 simple FutureSeed EMA decay=0.5 on clean 16x16 D256/L12/loop8: delayed CE drop to 0.9798 at step600 but h16/h24/h32 exact all 0; loop depth neutral and blank_acc only 0.3354 at h24. Decay changes loss curve but not viability.
2026-06-08T05:33:40.518845+00:00,loopall16x16-d256-l12-loop8-h32-b16-s600eval-20260608T0545Z-24a95d5,full,24a95d5af5a40a532ca03d8083bc95245d11cdf5,1,0.000000,metrics.eval_clean.loop8.label_exact,runs/loopall16x16-d256-l12-loop8-h32-b16-s600eval-20260608T0545Z-24a95d5,"2026-06-08 all-loop supervision on clean 16x16 D256/L12/loop8: stage1 CE slightly better and step600 CE=0.9825, but exact remains 0 and loop depth is still neutral; naive per-loop supervision is not enough. git_dirty=1 was leaderboard metadata, not source code."
2026-06-09T05:46:26.391756+00:00,loopfeedback-fsgate16x16-d256-l12-loop8-h24-s600-20260609T0539Z-5ec9129,full,5ec9129db2ffe486f388b25f10be491097a1af38,0,0.000000,metrics.eval_clean.loop8.label_exact,runs/loopfeedback-fsgate16x16-d256-l12-loop8-h24-s600-20260609T0539Z-5ec9129,"2026-06-09 clean FutureSeed learned-update + loop-feedback probe on GPU1: feedback path was active (fb_norm=1.54, update=0.543) but h24 loop8 blank_acc=0.3270 and exact=0; loop8-loop1 blank_acc gain only +0.0021. Explicit prediction feedback plus shaped all-loop supervision is not the current 16x16 bottleneck."
2026-06-09T06:52:37.592861+00:00,bf16-b32-shaped16x16-d256-l12-loop8-h24-s600-20260609T0638Z-a9a0e9d,full,a9a0e9d6ca7464a8700931af7035cf758f001cc5,0,0.000000,metrics.eval_clean.loop8.label_exact,runs/bf16-b32-shaped16x16-d256-l12-loop8-h24-s600-20260609T0638Z-a9a0e9d,"2026-06-09 clean bf16 scaling probe on GPU1: FORWARD_DTYPE=bfloat16 makes D256/L12/loop8 batch32 fit at ~67.8GB where fp32 batch32 previously OOMed; stage CE improves (step300=0.9221, step600=0.9751) and h24 loop8 blank_acc rises to 0.3711, h32 to 0.3571, but exact remains 0 and loop gain is only +0.0033 blank_acc. Keep bf16 for scale; next needs more capacity/credit assignment, not feedback sweeps."
2026-06-09T10:46:32.292147+00:00,casebank-h72-12x12-d256-l12-loop5-s1100-20260609T1013Z-8a2eb57,full,8a2eb57e0a09cbbe581746c247f20c365d61dfb3,0,0.505208,metrics.eval_clean.loop5.label_exact,runs/casebank-h72-12x12-d256-l12-loop5-s1100-20260609T1013Z-8a2eb57,"2026-06-09 h72 case-bank reproduction of the 12x12 clean frontier: h48/h60/h72/h84 loop5 exact matches prior run at 0.8880/0.5052/0.0443/0.0. Case-bank h72 eval_n=512 exported 4 solved-by-loop, 4 almost-solved, and 4 hard-failure boards. Insight: loop repairs large loop1 errors into coherent solves, but last 1-5 coupled wrong cells can become sticky."
2026-06-10T04:03:33.703983+00:00,casebank-diagnostics-h72-12x12-d256-l12-loop5-s1100-20260610T0348Z-46a119d,full,46a119da651a1c0e109647490cc754dfa70159bd,0,0.648438,metrics.eval_clean.loop5.label_exact,runs/casebank-diagnostics-h72-12x12-d256-l12-loop5-s1100-20260610T0348Z-46a119d,"2026-06-10 h72 diagnostics rerun on GPU1 after adding per-cell margin/entropy/stability fields: h48/h60/h72/h84 loop5 exact=0.9531/0.6484/0.0677/0.0; case-bank h72 eval_n=1024 exact=0.0742 with 8 solved-by-loop, 8 almost-solved, 8 hard-failure cases. Insight: final h72 errors are mostly stable attractors, not late-loop oscillations; 47/48 final wrong cells did not change in the last shown loop, and hard failures have higher confidence margins than almost-solved cases. Next work should change generic loop dynamics/credit assignment, not add Sudoku-specific conflict repair."
2026-06-10T04:45:54.412801+00:00,loopcredit-delayed-h72-12x12-d256-l12-loop7-s1100-20260610T0420Z-0942939,full,09429392f2a88ef09ac7b6fc2d0952e34397593f,0,0.424479,metrics.eval_clean.loop7.label_exact,runs/loopcredit-delayed-h72-12x12-d256-l12-loop7-s1100-20260610T0420Z-0942939,"2026-06-10 loop-credit test on GPU1: delayed loop supervision from loop3 plus loop7 did not break h72 stable attractors. h48/h60/h72/h84 loop7 exact=0.8464/0.4245/0.0156/0.0, worse than the loop5 final-loss baseline 0.9531/0.6484/0.0677/0.0. Extra loops gave only +0.0078 h60 exact over loop5, while h72 case-bank exact fell to 0.0283. Final wrong cells were still stable, 48/48 unchanged in the last shown loop. Decision: stop this direction; the next lever should be FutureSeed/update damping, not more loop credit."
2026-06-10T05:10:26.157649+00:00,futureseed-decay050-h72-12x12-d256-l12-loop5-s1100-20260610T0449Z-0942939,full,09429392f2a88ef09ac7b6fc2d0952e34397593f,0,0.505208,metrics.eval_clean.loop5.label_exact,runs/futureseed-decay050-h72-12x12-d256-l12-loop5-s1100-20260610T0449Z-0942939,"2026-06-10 fixed FutureSeed damping test on GPU1: FUTURE_SEED_DECAY=0.5 slowed optimization and did not improve the h72 cliff. h48/h60/h72/h84 loop5 exact=0.9062/0.5052/0.0521/0.0 versus baseline 0.9531/0.6484/0.0677/0.0; h72 case-bank exact=0.0635. Final wrong cells remained stable, only 2/48 changed in the last shown loop, and mean margin rose to 0.501. Decision: fixed damping is too blunt; only a learned update gate is still worth one direct test."
2026-06-10T05:34:43.523115+00:00,futureseed-learnedupdate-h72-12x12-d256-l12-loop5-s1100-20260610T0513Z-0942939,full,09429392f2a88ef09ac7b6fc2d0952e34397593f,0,0.192708,metrics.eval_clean.loop5.label_exact,runs/futureseed-learnedupdate-h72-12x12-d256-l12-loop5-s1100-20260610T0513Z-0942939,2026-06-10 learned FutureSeed update-gate test on GPU1: FUTURE_SEED_UPDATE=learned with decay init 0.5 strongly hurt optimization and transfer. h48/h60/h72/h84 loop5 exact=0.7005/0.1927/0.0/0.0; h72 case-bank exact=0.0020 and only 2 solved-by-loop cases were found. The learned update gate stayed near 0.547 and did not rescue fixed damping. Decision: stop damping/gating in this form; stable h72 attractors are not solved by simple FutureSeed inertia.
2026-06-10T06:05:50.564934+00:00,hardstage-long-h72-12x12-d256-l12-loop5-s1500-20260610T0538Z-0942939,full,09429392f2a88ef09ac7b6fc2d0952e34397593f,0,0.778646,metrics.eval_clean.loop5.label_exact,runs/hardstage-long-h72-12x12-d256-l12-loop5-s1500-20260610T0538Z-0942939,"2026-06-10 hard-stage scaling on GPU1: extending the same clean FutureSeed+loop 12x12 run to 700 steps on the 60-72 stage strongly moved the h72 cliff without new Sudoku-specific tricks. h48/h60/h72/h84 loop5 exact=0.9635/0.7786/0.1745/0.0; h72 case-bank exact=0.1865, blank_acc=0.9293. Against the diagnostics baseline h72 improved 0.0677->0.1745 while damping/loop-credit variants were negative. Decision: continue clean compute/curriculum scaling before adding new mechanisms."
2026-06-10T06:51:33.112126+00:00,hardstage-longer-h72-12x12-d256-l12-loop5-s2300-20260610T0611Z-0942939,full,09429392f2a88ef09ac7b6fc2d0952e34397593f,0,0.875000,metrics.eval_clean.loop5.label_exact,runs/hardstage-longer-h72-12x12-d256-l12-loop5-s2300-20260610T0611Z-0942939,"2026-06-10 longer hard-stage scaling on GPU1: same FutureSeed+loop 12x12 model with 60-72 stage extended to 1500 steps. h48/h60/h72/h84 loop5 exact=0.9818/0.8750/0.4010/0.0078; h72 case-bank exact=0.3955, blank_acc=0.9534. This is a strong positive over s1500 h72=0.1745, while h84 only barely opens. Decision: continue clean scaling, but shift the next question to whether targeted h84 curriculum can move the frontier."
2026-06-10T07:29:52.472727+00:00,h84shift-probe-12x12-d256-l12-loop5-s1600-20260610T065757Z-0942939-cachebin,full,09429392f2a88ef09ac7b6fc2d0952e34397593f,1,0.023438,metrics.eval_clean.loop5.label_exact,runs/h84shift-probe-12x12-d256-l12-loop5-s1600-20260610T065757Z-0942939-cachebin,"2026-06-10 h84 frontier-shift probe on GPU1: same FutureSeed+loop 12x12 model with curriculum moved to 72-84 holes under remaining time. h60/h72/h84/h96 loop5 exact=0.9297/0.5469/0.0234/0.0; h84 case-bank exact=0.0352, blank_acc=0.8582. Targeted h84 exposure improves over h84=0.0078 from the h72-only s2300 run, but the boundary remains hard. Decision: do not repeat short h84 probes; next high-ROI path is longer h84 stage after GPU restart or capacity/loop-dynamics scaling with h84 curriculum."
2026-06-11T05:23:01.296669+00:00,h84long-12x12-d256-l12-loop5-s2400-20260611T043811Z-f3e48c2,full,f3e48c2befc5d1125ca960ff6a525e1cf70a4fcc,0,0.117188,metrics.eval_clean.loop5.label_exact,runs/h84long-12x12-d256-l12-loop5-s2400-20260611T043811Z-f3e48c2,"2026-06-11 GPU1 h84 long hard-stage scaling: same clean FutureSeed+loop 12x12 model with 72-84 stage extended to 1500 steps. h60/h72/h84/h96 loop5 exact=0.9297/0.7161/0.1172/0.0000; h84 case-bank exact=0.1211 blank_acc=0.8884. Loop depth is material: h84 loop1=0.0000, loop3=0.0625, loop5=0.1172. K1/K4/K8 oracle gap is zero, so selector work is low ROI. Decision: continue clean scaling via capacity or loop/FutureSeed state update; do not add Sudoku-specific tricks."
2026-06-11T05:55:56.174801+00:00,capprobe-d320-12x12-h84-s900-20260611T054106Z-d29bb4e,full,d29bb4e922d6ee4430e1a9e8724218b86480b711,0,0.000000,metrics.eval_clean.loop5.label_exact,runs/capprobe-d320-12x12-h84-s900-20260611T054106Z-d29bb4e,2026-06-11 GPU1 D320 capacity feasibility probe under short remaining lease: D320/L12/loop5 batch48 fit in memory (~49GB observed) but the 900-step shortened h84 curriculum did not reach a useful regime. Train CE step500/700/900=1.7790/1.1760/0.8789; h72/h84/h96 loop5 exact=0.0/0.0/0.0; h84 blank_acc=0.5523. Decision: do not treat width alone as validated by short probes. A real capacity test needs the same 2400-step h84 curriculum or a schedule that reaches low CE earlier; otherwise prefer loop/FutureSeed-state mechanism work.
2026-06-11T08:59:50.555814+00:00,h96frontier-12x12-d256-l12-loop5-s3400-20260611T075445Z-be4046b,full,be4046be273f07267edbc98a60d3164d13436c32,0,0.010417,metrics.eval_clean.loop5.label_exact,runs/h96frontier-12x12-d256-l12-loop5-s3400-20260611T075445Z-be4046b,"2026-06-11 GPU1 h96 frontier-shift run: same clean FutureSeed+loop D256/L12/loop5 model, curriculum moved to 84-96 with stages 16-36:200,36-60:300,60-72:400,72-84:1000,84-96:1500. h72/h84/h96/h108 loop5 exact=0.8750/0.4740/0.0104/0.0000; h96 case-bank exact=0.0068 blank_acc=0.7652. h96 loop1=0.0000, loop3=0.0000, loop4=0.0078, loop5=0.0104. K1 oracle gap is zero. Decision: h96 is barely opened by clean curriculum/compute, but not supported; next work should be longer h96 hard-stage or simple loop/FutureSeed-state dynamics, not selector work or short width probes."
2026-06-11T10:33:59.323138+00:00,looptime-h96-12x12-d256-l12-loop5-s3400-20260611T093013Z-cddd449,full,cddd449cc1cc8b8270559aa8cf7c59b301c27bfc,0,0.005208,metrics.eval_clean.loop5.label_exact,runs/looptime-h96-12x12-d256-l12-loop5-s3400-20260611T093013Z-cddd449,"2026-06-11 GPU1 loop-time conditioning h96 mechanism run: added generic LOOP_TIME_SCALE=1 sinusoidal loop-phase conditioning to the clean D256/L12/loop5 12x12 h96 curriculum. Result is negative for final frontier despite active use of the signal. h72/h84/h96/h108 loop5 exact=0.8542/0.4115/0.0052/0.0000 versus clean h96 baseline 0.8750/0.4740/0.0104/0.0000. h96 loop1 blank_acc improves 0.4211->0.5102, but loop5 blank_acc drops 0.7769->0.7549 and h96 exact halves. Train CE ends slightly lower, 0.3667 vs 0.3931, so this is not a simple optimization failure. Lesson: a loop clock makes early predictions stronger but does not fix late global consistency. Decision: stop loop-time/feedback scale sweeps; next useful mechanism must change late-loop state revision or spend more clean h96 hard-stage compute."
2026-06-11T11:41:25.532144+00:00,h96focus-12x12-d256-l12-loop5-s2400-20260611T1046Z-edb4804,full,edb4804c39938d72fc5c99e9994766c6cd8973b8,0,0.000000,metrics.eval_clean.loop5.label_exact,runs/h96focus-12x12-d256-l12-loop5-s2400-20260611T1046Z-edb4804,"2026-06-11 GPU1 h96-focused compressed curriculum probe: same clean FutureSeed+loop D256/L12/loop5, but 2400 total steps and compressed early stages 16-36:100,36-60:150,60-72:250,72-84:500,84-96:1400 due remaining lease. Purpose: test whether h96 opens by spending proportionally more time in 84-96, or whether full middle-stage foundation is required. Result: h72/h84/h96/h108 loop5 exact=0.9010/0.3828/0.0000/0.0000; h96 blank_acc=0.7545; final CE=0.3850. Against full h96 baseline 0.8750/0.4740/0.0104/0.0000 and h96 blank_acc=0.7769, compressed schedule improves h72 but loses h84/h96. Lesson: h96 is not unlocked by entering hard stage early; middle curriculum/global-consistency foundation matters. Decision: stop compressed h96 schedules; next useful path is full-length clean hard-stage compute or a real late-state revision mechanism."
2026-06-11T13:44:39.385310+00:00,h96fullclean-12x12-d256-l12-loop5-s4800-20260611T1212Z-4337212,full,43372120a550473e7df4f5b45ff146bd72fefed0,0,0.316406,metrics.eval_clean.loop5.label_exact,runs/h96fullclean-12x12-d256-l12-loop5-s4800-20260611T1212Z-4337212,"2026-06-11 GPU1 full-budget clean h96 scale test: D256/L12/loop5 12x12 FutureSeed+loop at source 4337212, preserving middle curriculum and extending 84-96 to 2400 steps (16-36:200,36-60:300,60-72:500,72-84:1400,84-96:2400), batch80/eval512/bfloat16. Result: h72/h84/h96/h108 loop5 exact=0.9844/0.8828/0.3164/0.0000; h96 blank_acc=0.9264; final CE=0.1178 after 5130.8s. This strongly improves over clean h96 baseline 0.8750/0.4740/0.0104/0.0000 and over compressed h96 focus 0.9010/0.3828/0.0000/0.0000. Insight: h96 was still compute/curriculum limited, not a hard mechanism ceiling; the compressed run failed because it removed middle-stage foundation. Loop remains essential: h96 loop1/3/4/5 exact=0.0000/0.0293/0.2715/0.3164, so recurrent refinement is the solve path. K1 oracle gap is zero, so selector work remains low ROI. Decision: treat clean 12x12 h96 as supported; move frontier to h108 or simple late-loop state revision. No tag because score <0.50."
2026-06-11T15:46:03.700382+00:00,h108frontier-12x12-d256-l12-loop5-s6200-20260611T1400Z-e446f4a,full,e446f4ae64b80067c40fce2e185f5b9de27fe3e9,0,0.179688,metrics.eval_clean.loop5.label_exact,runs/h108frontier-12x12-d256-l12-loop5-s6200-20260611T1400Z-e446f4a,"2026-06-11 GPU1 h108 clean frontier test: D256/L12/loop5 12x12 FutureSeed+loop at source e446f4a, using full h96 foundation and 96-108 hard stage (16-36:200,36-60:300,60-72:500,72-84:1400,84-96:2200,96-108:1600), batch80/eval512/bfloat16. Result: h84/h96/h108/h120 loop5 exact=0.9902/0.8848/0.1797/0.0000; h108 blank_acc=0.8685; final CE=0.1359 after 6591.7s. Insight: clean FutureSeed+loop scales beyond h96; h108 is open without Sudoku-specific repair or selector search. Loop remains the mechanism: h108 loop1/3/4/5 exact=0.0000/0.0020/0.1328/0.1797. K1 oracle gap is zero, so selector work remains low ROI. h120 is still closed with blank_acc=0.3439, making h120 the new clean 12x12 frontier. No tag because score <0.50."
2026-06-11T18:31:28.813992+00:00,h120loopall-retry-12x12-d256-l12-loop6-s7400-20260611T1640Z-8ccc4a9,full,8ccc4a9afb73b927ca8d3976837abf372ddd2e04,0,0.027344,metrics.eval_clean.loop6.label_exact,runs/h120loopall-retry-12x12-d256-l12-loop6-s7400-20260611T1640Z-8ccc4a9,"2026-06-11 GPU1 h120 loop6 all-loop scale test: clean 12x12 FutureSeed+loop source 8ccc4a9, D256/L12/loop6, LOOP_LOSS=all, h120 curriculum 16-36:200,36-60:300,60-72:500,72-84:1200,84-96:1800,96-108:1800,108-120:1600, batch72/eval512/bfloat16 on GPU1 A100 80GB after AIStation restart. Result: h96/h108/h120/h132 loop6 exact=0.9922/0.9160/0.0273/0.0000; h120 blank_acc=0.5866; final CE=0.3605 after 8556.3s. Loop curve at h120: loop1/3/4/5/6 exact=0.0000/0.0117/0.0273/0.0273/0.0273; loop6 adds blank_acc but exact saturates after loop4. Insight: loop6+all-loop strongly consolidates h96/h108 and opens h120 from zero, but h120 remains a real frontier because final local accuracy is only 0.5866 and loop gains saturate early. The limiting factor is hard-stage learning/capacity/state dynamics, not selector search. K1 oracle gap is zero. Decision: treat h120 as barely opened, h108 as strongly supported by this route; next high-ROI work should target h120 stage compute/capacity or a simple FutureSeed state update, not rollout selector or Sudoku repair. No tag because primary score <0.50."
2026-06-12T08:06:26.729841+00:00,h120curve-12x12-d256-l12-loop6-s9000-ckpt1k2k3k-20260612T0455Z-2e95bd8,full,2e95bd8513402634d973a53e2ae87a625ae69a5c,0,0.044922,metrics.eval_clean.loop6.label_exact,runs/h120curve-12x12-d256-l12-loop6-s9000-ckpt1k2k3k-20260612T0455Z-2e95bd8,h120 hard-stage curve run at 2e95bd8. Insight: one long clean scale run with fixed checkpoint evals answers whether extra h108-120 hard-stage steps open h120. Results: h120 loop6 exact at 1k/2k/3k/final hard-stage steps = 0.0137/0.0332/0.0410/0.0449; h108 final = 0.9355; h96 final = 0.9902; h132 remains 0. This shows longer hard-stage helps but does not remove the h120 global-coupling cliff.
2026-06-12T10:58:00+00:00,loopresidual-h120-d256-l12-loop6-s9000-20260612T091056Z-cb4ebc6,full,cb4ebc6ca768987931a2fec4295ff8164bc24902,0,0.000000,checkpoint.step6800.holes120.eval_clean.loop6.label_exact,runs/loopresidual-h120-d256-l12-loop6-s9000-20260612T091056Z-cb4ebc6,"2026-06-12 GPU1 loop-residual FutureSeed h120 mechanism test stopped at step6800. D256/L12/loop6/all-loop, batch72/eval512/bfloat16/statepassing, FUTURE_SEED_UPDATE=loop_residual and FUTURE_SEED_DECAY=0.75. Result at first h120 hard checkpoint: h96/h108/h120/h132 loop6 exact=0.6484/0.2266/0.0000/0.0000; h120 blank_acc=0.6178; h120 loop6-loop3 exact gain=0.0000. Decision: stop by exact PID and switch to fixed FutureSeed context plus gated mutable scratch. Lesson: writing FutureSeed memory back into the backbone state helps easier holes but does not open h120 global consistency."
2026-06-13T04:57:04.318244+00:00,scratchpad-gated-h120-step6800-d256-l12-loop6-20260613T0238Z-b03829b,full,b03829be2b4ec387f4bf772e5144b6c5dab7af74,0,0.005859,metrics.eval_clean.loop6.label_exact,runs/scratchpad-gated-h120-step6800-d256-l12-loop6-20260613T0238Z-b03829b,"2026-06-13 GPU1 separated mutable scratch h120 mechanism test completed at step6800. D256/L12/loop6/all-loop, batch72/eval512/bfloat16/statepassing, fixed FutureSeed context plus gated scratch with no noise and no Gaussian regularizer. Primary score=0.0059; fixed checkpoint h96/h108/h120/h132 loop6 exact=0.9883/0.8164/0.0039/0.0000. Scratch was active, but h120 loop3->loop6 exact gain was only +0.0020, so writable state alone did not create useful late-loop correction. Decision: do not run longer no-noise scratch; only the paired noisy/Gaussian scratch anti-collapse test remains high ROI."
2026-06-13T08:57:38.085307+00:00,scratchpad-noisygauss-h120-step6800-d256-l12-loop6-20260613T0638Z-b03829b,full,b03829be2b4ec387f4bf772e5144b6c5dab7af74,0,0.000000,metrics.eval_clean.loop6.label_exact,runs/scratchpad-noisygauss-h120-step6800-d256-l12-loop6-20260613T0638Z-b03829b,"2026-06-13 GPU1 noisy/Gaussian mutable scratch h120 mechanism test completed at step6800. Same D256/L12/loop6/all-loop schedule as gated scratch, with SCRATCH_NOISE_SCALE=0.05 and SCRATCH_GAUSS_WEIGHT=0.0001 over 64 residual projections. Result: primary h120 score=0.0000; checkpoint h96/h108/h120/h132 loop6 exact=0.5977/0.1582/0.0000/0.0000. Scratch residual anti-collapse worked diagnostically (rank about 63/64, var about 0.809), but it hurt h96/h108 global consistency and did not open h120. Lesson: high-rank scratch updates are not automatically useful reasoning; stop this strength and only consider a much weaker 0.02/3e-5 test with full lease."
2026-06-13T13:26:45.611620+00:00,scratchpad-weakdenoise-h120-step6800-d256-l12-loop6-20260613T1119Z-b03829b,full,b03829be2b4ec387f4bf772e5144b6c5dab7af74,0,0.000000,metrics.eval_clean.loop6.label_exact,runs/scratchpad-weakdenoise-h120-step6800-d256-l12-loop6-20260613T1119Z-b03829b,"2026-06-13 GPU1 weak denoising scratch h120 mechanism test completed at step6800. Same D256/L12/loop6/all-loop schedule as gated scratch, with SCRATCH_NOISE_SCALE=0.02 and SCRATCH_GAUSS_WEIGHT=0.00003 over 64 residual projections. Result: primary h120 score=0.0000; checkpoint h96/h108/h120/h132 loop6 exact=0.6816/0.2441/0.0000/0.0000. h120 CE dropped to 0.3505 and blank_acc rose to 0.6575, but exact/valid stayed zero. Lesson: weaker scratch denoising improves local fill more than strong regularization but still damages h96/h108 versus no-noise scratch and does not solve global consistency. Stop scratch noise/Gaussian sweeps."
2026-06-13T17:37:43.280057+00:00,capprobe-d320-h120-step6800-d320-l12-loop6-b48-20260613T1522Z-b03829b,full,b03829be2b4ec387f4bf772e5144b6c5dab7af74,0,0.000000,metrics.eval_clean.loop6.label_exact,runs/capprobe-d320-h120-step6800-d320-l12-loop6-b48-20260613T1522Z-b03829b,"2026-06-13 GPU1 D320 h120 first-checkpoint capacity test. D320/L12/loop6/all-loop, batch48, bf16/statepassing, clean fixed FutureSeed, no scratch; same h120 first-checkpoint curriculum ending at step6800. Result: h96/h108/h120/h132 loop6 exact=0.4336/0.0508/0.0000/0.0000; h120 blank_acc=0.5000; train CE=0.7799 after 8345.7s. This is worse than the D256 clean h120 curve at comparable checkpoint (h96~0.994, h108~0.820, h120~0.014) and worse than no-noise scratch on h96/h108. Lesson: blind width at lower batch and same step budget does not scale the frontier; h120 remains a data/optimization/global-consistency cliff. Stop D320 same-budget repeats; only revisit width with activation checkpointing or longer/effective-batch scaling."
2026-06-13T22:53:29.045348+00:00,h120long4k-d256-l12-loop6-s9800-20260613T1943Z-f75ca4f,full,f75ca4f911f505957709b6572b0ff3fc180edf62,0,0.072266,metrics.eval_clean.loop6.label_exact,runs/h120long4k-d256-l12-loop6-s9800-20260613T1943Z-f75ca4f,"2026-06-13 GPU1 clean D256 h120 +4k hard-stage curve extension. Source f75ca4f, D256/L12/loop6/all-loop, batch72, bf16/statepassing, fixed FutureSeed, no scratch, curriculum through 108-120:4000 with checkpoint evals at +1k/+2k/+3k/+4k. Result: checkpoint h120 loop6 exact=0.0137/0.0332/0.0410/0.0586, final eval h120 loop6 exact=0.0723, blank_acc=0.6704, valid=0.0801, train CE=0.2030 after 11824.9s. Insight: pure hard-stage compute is still positive beyond the old +3k point, but gain remains sublinear and h120 is not near solved; loops add useful exact until loop5 then saturate. Decision: D256 long compute is better ROI than same-budget D320, but next frontier should pair useful compute with a simple late-loop state revision mechanism rather than only extending hard-stage indefinitely."
2026-06-14T05:59:40.154765+00:00,h120loop8-d256-l12-loop8-s7800-b64-20260614T0243Z-48af54d,full,48af54d007786b85fcb93adabb3244123714991c,0,0.015625,metrics.eval_clean.loop8.label_exact,runs/h120loop8-d256-l12-loop8-s7800-b64-20260614T0243Z-48af54d,"2026-06-14 GPU1 h120 loop8 scale test. D256/L12/loop8/all-loop, batch64, bf16/statepassing, clean fixed FutureSeed, no scratch, h120 curriculum ending 108-120:2000. Purpose: test whether h120 frontier is limited by recurrent depth after loop6 long run saturated after loop5. Result: checkpoint +1k/+2k h120 loop8 exact=0.0059/0.0234; final h120 loop8 exact=0.0156, blank_acc=0.6021. Final loop curve loop1/3/4/5/6/8 exact=0.0000/0.0078/0.0137/0.0156/0.0156/0.0156; loop7/8 add no exact solves. h96/h108 foundation remained alive at +2k, loop8 exact=0.9961/0.8926, so this is not an easy-stage collapse. Lesson: deeper loop count alone is not the h120 scaling lever; future work should use larger effective compute or a simple revisable FutureSeed state update, not loop-count sweeps, selector work, Sudoku repair, scratch noise/Gaussian sweeps, or same-budget width repeats."
2026-06-14T06:21:24.847989+00:00,actckpt-d320-b72-loop6-smoke4-20260614T0622Z-c2df534,smoke,c2df53407b17b8efee037f41ce960874897a9fb5,0,0.000000,metrics.eval_clean.loop6.label_exact,runs/actckpt-d320-b72-loop6-smoke4-20260614T0622Z-c2df534,"2026-06-14 GPU1 activation-checkpoint D320/B72 fit smoke at c2df534. Purpose: validate ACTIVITY/activation checkpointing as a scale enabler, not model quality. Config: 12x12 D320/L12/heads10/head_dim32/loop6/all-loop, batch72, bf16, RWKV statepassing, fixed FutureSeed, no scratch, two train steps. Result: clean git_dirty=false GPU-only smoke completed; activation_checkpoint=true; peak CUDA allocated/reserved MB=5473.15/6078.00; train_sec=5.24. Score is expected zero and must not be used for quality comparison. Lesson: next fair capacity run can keep batch/effective compute higher instead of repeating same-budget D320 batch48 or deeper loop sweeps."
2026-06-14T06:55:07.944754+00:00,actckpt-d320-b72-h120-step6800-20260614T0648Z-d3ddc3b,full,d3ddc3bd73c2bf3f9ad603ebed880279c6af0a25,0,,aborted_before_checkpoint,runs/actckpt-d320-b72-h120-step6800-20260614T0648Z-d3ddc3b,"2026-06-14 GPU1 fair D320/B72 activation-checkpoint h120 capacity run aborted before first checkpoint. Purpose: test whether activation checkpointing makes D320/L12/loop6 batch72 a fair scale axis versus previous D320 batch48 collapse. Observed step100/200 CE=1.8375/1.8053; step100->200 interval estimated 265s, about 2.65s/step. Projected remaining time to step6800 after step200 was about 17490s, beyond normal GPU1 lease, so exact child PIDs were stopped and abort.json recorded. Lesson: activation checkpointing solves memory but makes D320/B72 h120 first-checkpoint too slow for a non-resumable 4h lease; do not repeat this exact setup without resumable training or a reachable checkpoint target."
2026-06-14T10:30:20+00:00,h120long45k-d256-l12-loop6-s10300-20260614T0710Z-a320867,full,a320867364a05679e2595b5fcd4992ffde09189a,0,0.058594,checkpoint.step9800.holes120.eval_clean.loop6.label_exact,runs/h120long45k-d256-l12-loop6-s10300-20260614T0710Z-a320867,"2026-06-14 GPU1 clean D256 h120 +4.5k hard-stage scale run, stopped after step9800 checkpoint because final step10300 risked lease expiry. D256/L12/loop6/all-loop, batch72, bf16/statepassing, fixed FutureSeed, no scratch, curriculum ending 108-120:4500. Checkpoint h120 loop6 exact at +1k/+2k/+3k/+4k = 0.0137/0.0332/0.0410/0.0586; h120 blank_acc rose to 0.6655; h108 loop6 exact reached 0.9062; h132 stayed 0.0. Lesson: pure hard-stage compute has reproducible positive slope but the slope is shallow and matches the previous +4k curve; next work should be resumable larger compute or a simple late-loop FutureSeed state update, not deeper loop sweeps, selector, repair, scratch noise, or non-resumable D320/B72 repeats."
2026-06-14T15:35:00+00:00,h120resumable-d256-l12-loop6-s14300-20260614T1217Z-0e999dc,full,0e999dc770a1cb8a7ecf305f39582357981936cb,0,0.058594,checkpoint.step9800.holes120.eval_clean.loop6.label_exact,runs/h120resumable-d256-l12-loop6-s14300-20260614T1217Z-0e999dc,"2026-06-14 GPU1 clean resumable D256 h120 long-compute run. D256/L12/loop6/all-loop, batch72, bf16/statepassing, fixed FutureSeed, no scratch, curriculum ending 108-120:8500, train checkpoints every 1000 steps and at eval checkpoints. Stopped safely after step9800 quality eval and step10000 train checkpoint due lease risk. Checkpoint h120 loop6 exact at +1k/+2k/+3k/+4k = 0.0137/0.0332/0.0410/0.0586; h108 loop6 exact reached 0.9062; h132 stayed 0.0. Lesson: clean-compute slope is reproducible and resumable, but shallow; continue from latest.pt only if spending genuinely larger compute, otherwise target simple late-loop FutureSeed state update."
2026-06-15T02:30:04.019370+00:00,h120resume-cont-d256-l12-loop6-s14300-20260615T0105Z-0e999dc,full,0e999dc770a1cb8a7ecf305f39582357981936cb,0,0.177734,metrics.eval_clean.loop6.label_exact,runs/h120resume-cont-d256-l12-loop6-s14300-20260615T0105Z-0e999dc,"2026-06-15 GPU1 clean h120 continuation from the step10000 resumable checkpoint. D256/L12/loop6/all-loop, batch72, bf16/statepassing, fixed FutureSeed, no scratch/noise, curriculum ending 108-120:8500. Result: h120 checkpoint loop6 exact after resume at steps 10800/11800/12800/13800/14300 = 0.0918/0.0977/0.1055/0.1094/0.1621; final full eval h96/h108/h120/h132 loop6 exact=0.9980/0.9473/0.1777/0.0000. h120 loop1/3/6 exact=0.0000/0.1172/0.1777, so recurrence remains essential; K1 oracle gap is zero, so selector remains low ROI. Lesson: clean compute still has real late gain and upgrades best clean h120 from 0.0723 to 0.1777, but h132 is closed and h120 is still frontier territory. Continue only from latest checkpoint or test a simple late-loop FutureSeed state update."
2026-06-15T04:25:43.815815+00:00,h120resume-cleancont-d256-l12-loop6-s16300-20260615T0331Z-ddd9b3b,full,ddd9b3bd1fa29fb62a892b6eec8040c24f19fe61,0,0.175781,metrics.eval_clean.loop6.label_exact,runs/h120resume-cleancont-d256-l12-loop6-s16300-20260615T0331Z-ddd9b3b,"2026-06-15 GPU1 clean h120 continuation from the step14300 checkpoint. D256/L12/loop6/all-loop, batch72, bf16/statepassing, fixed FutureSeed, no scratch/noise/selector/repair, curriculum extended to total step16300. Result: checkpoint h120 loop6 exact at step15300/16300 = 0.1777/0.1641; final full eval h96/h108/h120/h132 loop6 exact=0.9922/0.9453/0.1758/0.0000. h120 blank_acc improved from the previous final 0.7465 to 0.7671, but exact did not improve over 0.1777. Lesson: same-model h120 hard-stage continuation is now low marginal ROI; local filling improves without more global solves. Next scaling should change an effective axis such as resumable capacity or late-loop state update, not repeat identical continuation."
2026-06-15T04:46:31.847092+00:00,gradaccum-d320-b24x3-smoke-20260615T0444Z-f0a4efe,smoke,f0a4efe561b2123dafce7cc9d5b06a92131afe12,0,0.000000,metrics.eval_clean.loop6.label_exact,runs/gradaccum-d320-b24x3-smoke-20260615T0444Z-f0a4efe,"2026-06-15 GPU1 gradient-accumulation D320 effective-batch smoke. Purpose: validate general scaling infrastructure after same-model D256 h120 continuation plateaued, not measure model quality. Config: clean fixed FutureSeed, D320/L12/loop6/all-loop, microbatch24, grad_accum_steps3, effective_batch72, bf16/statepassing, no scratch/noise/selector/repair, two optimizer steps. Result: GPU-only smoke completed with git_dirty=false, train CE 2.3856 after step2, train_sec 28.73, CUDA allocated/reserved 27025/28600 MB. Lesson: D320 no longer has to collapse to batch48 just to fit; next fair capacity test should be resumable D320 effective-batch training with reachable checkpoints. Score is expected zero and is not a quality signal."
2026-06-15T09:04:44+00:00,d320-effb72-h120-step6800-r3-20260615T0513Z-785f3cd,full,785f3cdca74aab1f6e9d6a4cc252a17e3aa63731,0,,platform_halt_after_step4000_checkpoint,runs/d320-effb72-h120-step6800-r3-20260615T0513Z-785f3cd,"2026-06-15 GPU1 D320 effective-batch first segment. Clean fixed FutureSeed, D320/L12/loop6/all-loop, microbatch24 x grad_accum3 effective_batch72, bf16/statepassing, no scratch/noise/selector/repair. Ran to step4000 and saved checkpoint before GPU1 lease halted. CE curve: step1000 0.1235, step2000 0.1699, step3000 0.4083, step4000 0.2313. Decision: resume from step4000; do not treat as model failure."
2026-06-15T12:12:00+00:00,d320-effb72-h120-resume4000-s6800-20260615T0916Z-785f3cd,full,785f3cdca74aab1f6e9d6a4cc252a17e3aa63731,0,0.000000,metrics.eval_clean.loop6.label_exact,runs/d320-effb72-h120-resume4000-s6800-20260615T0916Z-785f3cd,"2026-06-15 GPU1 D320 effective-batch h120 first-checkpoint scale run resumed from step4000. Config: clean fixed FutureSeed, D320/L12/loop6/all-loop, microbatch24, grad_accum_steps3, effective_batch72, bf16/statepassing, no scratch/noise/selector/repair, curriculum through h120 with 1000 h120-stage steps. Result: final h96/h108/h120/h132 loop6 exact=0.9805/0.7344/0.0000/0.0000; h120 blank_acc=0.5102; final train CE=0.5860; K1 oracle gap=0. Lesson: effective batch rescues D320 foundation versus D320/B48, but h120 remains undertrained/global-consistency closed. Next move is longer h120 hard-stage from this checkpoint, not selector or repair."
2026-06-15T13:50:00+00:00,d320-effb72-h120-hardstage-s9800-20260615T1230Z-785f3cd,full,785f3cdca74aab1f6e9d6a4cc252a17e3aa63731,0,,gpu1_halt_after_step7000_checkpoint,runs/d320-effb72-h120-hardstage-s9800-20260615T1230Z-785f3cd,"2026-06-15 GPU1 D320 effective-batch h120 hard-stage continuation from the step6800 checkpoint. Clean fixed FutureSeed, D320/L12/loop6/all-loop, microbatch24 x grad_accum3 effective_batch72, bf16/statepassing, no scratch/noise/selector/repair, curriculum extended to total step9800. Logged h120 CE at step6900/7000/7100/7200/7300/7400/7500 = 0.5913/0.7010/0.6122/0.4983/0.3414/0.4571/0.4718, with step7000 checkpoint saved. GPU1 halted before checkpoint_eval_step007800, so this is not scored; resume run d320-effb72-h120-resume7000-s9800-20260615T1358Z-785f3cd completed the experiment."
2026-06-15T16:49:00+00:00,d320-effb72-h120-resume7000-s9800-20260615T1358Z-785f3cd,full,785f3cdca74aab1f6e9d6a4cc252a17e3aa63731,0,0.054688,metrics.eval_clean.loop6.label_exact,runs/d320-effb72-h120-resume7000-s9800-20260615T1358Z-785f3cd,"2026-06-15 GPU1 D320 effective-batch h120 hard-stage completion from the step7000 checkpoint. Clean fixed FutureSeed, D320/L12/loop6/all-loop, microbatch24 x grad_accum3 effective_batch72, bf16/statepassing, no scratch/noise/selector/repair, curriculum extended to total step9800. Result: h120 checkpoint loop6 exact at steps 7800/8800/9800 = 0.0078/0.0254/0.0566, with h120 blank_acc = 0.5721/0.6197/0.6438. Final full eval h96/h108/h120/h132 loop6 exact=0.9785/0.9004/0.0547/0.0000; final h120 blank_acc=0.6484; train CE at step9800=0.2807. Lesson: D320 effective-batch scaling opens h120 and validates the general compute path, but it roughly ties D256 +4k at comparable hard-stage exposure and is still below the later D256 continuation. Width needs longer compute; continue D320 only for genuinely later checkpoints, not selector, repair, scratch/noise, or short repeats."
2026-06-15T20:35:24.515183+00:00,d320-effb72-h120-resume10000-s12800-20260615T1801Z-785f3cd,full,785f3cdca74aab1f6e9d6a4cc252a17e3aa63731,0,0.126953,metrics.eval_clean.loop6.label_exact,runs/d320-effb72-h120-resume10000-s12800-20260615T1801Z-785f3cd,"2026-06-15 GPU1 D320 effective-batch h120 continuation from step10000 to step12800. Clean fixed FutureSeed+loop, no selector/repair/scratch/noise. h120 checkpoint loop6 exact 0.0820/0.1016/0.1191 at 10800/11800/12800; final h96/h108/h120/h132 loop6 exact 0.9883/0.9355/0.1270/0.0. Lesson: width+compute continues improving but still trails D256 late-continuation best 0.1777; next improve throughput/effective compute or simple late-loop state update."
2026-06-15T20:44:25.547639+00:00,d320-effb72-h120-resume9800-s12800-20260615T1703Z-785f3cd,full,785f3cdca74aab1f6e9d6a4cc252a17e3aa63731,0,,missing_result_json,runs/d320-effb72-h120-resume9800-s12800-20260615T1703Z-785f3cd,"2026-06-15 GPU1 D320 effective-batch h120 continuation segment interrupted by GPU1 halt after step10000 checkpoint and last logged step10600; resumed by d320-effb72-h120-resume10000-s12800-20260615T1801Z-785f3cd. Platform interruption, not model result."
2026-06-15T21:03:32+00:00,d320-mb48eff96-h120-s13600-20260615T205559Z-785f3cd,full,785f3cdca74aab1f6e9d6a4cc252a17e3aa63731,0,,aborted_before_gpu_training,runs/d320-mb48eff96-h120-s13600-20260615T205559Z-785f3cd,2026-06-15 GPU1 packed D320 h120 launch aborted before useful training because new detached worktree lacked repo-local ninja/PATH for RWKV CUDA extension loading. No model result; retry fixed by linking /huyang2/double-loop/.cache/bin/ninja and prepending cache paths.
2026-06-15T21:34:09.634426+00:00,d320-mb48eff96-h120-s13600-r2-20260615T210332Z-785f3cd,full,785f3cdca74aab1f6e9d6a4cc252a17e3aa63731,0,0.173828,metrics.eval_clean.loop6.label_exact,runs/d320-mb48eff96-h120-s13600-r2-20260615T210332Z-785f3cd,"2026-06-15 GPU1 packed D320 h120 continuation from step12800 to step13600. Clean FutureSeed+loop, D320/L12/loop6/all-loop, microbatch48 x grad_accum2 effective_batch96, bf16/statepassing, no selector/repair/scratch/noise. h120 checkpoint loop6 exact 0.1289/0.1777 at 13200/13600; final h96/h108/h120/h132 loop6 exact 0.9941/0.9492/0.1738/0.0. GPU packing rose to about 60-64GB with near-100% util. Lesson: better packing makes D320 catch the D256 best regime but not exceed it yet; continue only for genuinely later packed checkpoints, not selector or repair."
2026-06-15T22:10:00+00:00,d320-mb48eff96-h120-s16600-20260616T0000Z-ba934f4,full,ba934f4f717dfb7ce987d3384b03147ba2df72c9,0,,gpu1_halt_after_step13700_no_checkpoint,runs/d320-mb48eff96-h120-s16600-20260616T0000Z-ba934f4,"2026-06-15 GPU1 packed D320 h120 continuation segment halted by platform after step13700, before any train checkpoint or quality eval. Not a model result; resumed from prior step13600 checkpoint in d320-mb48eff96-h120-s16600-r2-20260615T2210Z-ba934f4."
2026-06-15T23:58:03.073666+00:00,d320-mb48eff96-h120-s16600-r2-20260615T2210Z-ba934f4,full,ba934f4f717dfb7ce987d3384b03147ba2df72c9,0,0.236328,metrics.eval_clean.loop6.label_exact,runs/d320-mb48eff96-h120-s16600-r2-20260615T2210Z-ba934f4,"2026-06-15 GPU1 packed D320 h120 long continuation from step13600 to step16600. Clean FutureSeed+loop, D320/L12/loop6/all-loop, microbatch48 x grad_accum2 effective_batch96, bf16/statepassing, no selector/repair/scratch/noise. h120 checkpoint loop6 exact 0.1445/0.1738/0.1953 at 14600/15600/16600; final h96/h108/h120/h132 loop6 exact 0.9941/0.9297/0.2363/0.0. Loop curve h120 loop1/3/4/5/6 exact 0.0000/0.1621/0.2188/0.2363/0.2363. Lesson: packed clean D320 now beats the old h120 platform; continue clean scaling to later checkpoints, not selector, repair, or loop-count sweeps."
2026-06-16T05:42:59.380778+00:00,d320-mb48eff96-h120-s19600-20260616T0400Z-7e1ddba,full,7e1ddbaa2bf150946bf13a10b35c8c361e901576,0,0.289062,metrics.eval_clean.loop6.label_exact,runs/d320-mb48eff96-h120-s19600-20260616T0400Z-7e1ddba,"2026-06-16 GPU1 packed D320 h120 continuation from step16600 to step19600. Clean FutureSeed+loop, D320/L12/loop6/all-loop, microbatch48 x grad_accum2 effective_batch96, bf16/statepassing, no selector/repair/scratch/noise. h120 checkpoint loop6 exact 0.1934/0.2266/0.2520 at 17600/18600/19600; final h96/h108/h120/h132 loop6 exact 0.9961/0.9512/0.2891/0.0. Loop curve h120 loop1/3/4/5/6 exact 0.0000/0.2070/0.2773/0.2852/0.2891. Lesson: h120 still scales with clean packed compute; continue later checkpoints, not selector, repair, Sudoku priors, or loop-count sweeps."
2026-06-16T07:45:23+00:00,d320-mb48eff96-h120-s22600-20260616T0550Z-1adbda1,full,1adbda189b775d29c4ba2c30e31b7b92b5df556b,0,0.275391,metrics.eval_clean.loop6.label_exact,runs/d320-mb48eff96-h120-s22600-20260616T0550Z-1adbda1,"2026-06-16 GPU1 packed D320 h120 continuation from step19600 to step22600. Clean FutureSeed+loop, D320/L12/loop6/all-loop, microbatch48 x grad_accum2 effective_batch96, bf16/statepassing, no selector/repair/scratch/noise. h120 checkpoint loop6 exact 0.2637/0.2676/0.2461 at 20600/21600/22600; final h96/h108/h120/h132 loop6 exact 0.9961/0.9492/0.2754/0.0. Loop curve h120 loop1/3/4/5/6 exact 0.0000/0.1914/0.2656/0.2715/0.2754. Lesson: same-config train-longer has entered low ROI; h120 local fill remains high but exact no longer beats step19600. Next budget should change effective scaling or a simple FutureSeed state update, not selector, repair, Sudoku priors, or loop-count sweeps."
2026-06-16T08:41:41+00:00,d320-mb48eff96-h120-delayed-s23600-20260616T0800Z-aa1a7b7,full,aa1a7b75b0844350849de887160044cdeaf677d8,0,,early_stop_low_roi_delayed_loop_credit,runs/d320-mb48eff96-h120-delayed-s23600-20260616T0800Z-aa1a7b7,"2026-06-16 GPU1 delayed loop-credit mechanism probe from packed D320 step22600. Changed only LOOP_LOSS=delayed, LOOP_LOSS_START=4, LOOP_LOSS_POWER=2.0; no selector/repair/scratch/noise. Early stop decision at step23100 after h120 loop6 exact fell to 0.1602 and blank_acc 0.7804; h96/h108/h132 loop6 exact were 0.9980/0.9355/0.0. h120 loop1/3/4/5/6 exact 0.0000/0.0781/0.1406/0.1563/0.1602. The parent PID stop left child processes, which were then stopped exactly after the log reached step23200. Lesson: moving credit to late loops damages h120 instead of reopening correction. Stop delayed loop-credit variants; next work should change state dynamics or effective scale."
2026-06-16T10:43:13.604521+00:00,d320-updategate-remap-s23600-20260616T1005Z-8e2e217,full,8e2e217834f3482e448a14b8d37f168b299f8796,0,0.333984,metrics.eval_clean.loop6.label_exact,runs/d320-updategate-remap-s23600-20260616T1005Z-8e2e217,"2026-06-16 GPU1 learned loop update gate probe from packed D320 step22600. Changed only LOOP_UPDATE_MODE=learned_gate with init 0.95; no selector/repair/scratch/noise/Sudoku priors. Final h96/h108/h120/h132 loop6 exact=0.9961/0.9551/0.3340/0.0, checkpoint step23600 h120 loop6 exact=0.3496, and h120 loop1/3/4/5/6 exact=0.0000/0.2734/0.3145/0.3281/0.3340. Learned gates are conservative in early loops and near full update in loops 4-6. Lesson: simple learned state dynamics beats the same-config plateau and delayed loop-credit failure, but h132 remains closed, so next work should be meaningful compute from this checkpoint or one slightly richer learned update rule, not selector, repair, Sudoku priors, feature-noise tables, or loop-count sweeps."
2026-06-17T04:49:51.354644+00:00,maze15-fs-s600-20260617T0447Z-aa86dee,eqr_maze_probe,aa86dee3dedcfe9cf7ee40e02628ad78d2816c09,0,0.591242,metrics.eval_clean.loop8.path_f1,runs/maze15-fs-s600-20260617T0447Z-aa86dee,"2026-06-17 GPU1 Maze 15x15 perfect-maze FutureSeed probe at aa86dee. Primary is loop8 path_f1 because exact is intentionally too strict for first path-mask plumbing. Result path_f1=0.5912, exact=0, loop gain=0.0008. Lesson: path learning is alive but FutureSeed/loop signal is not yet active; model overpredicts PATH tokens."
2026-06-17T04:52:10.417435+00:00,maze15-base-s600-20260617T0449Z-aa86dee,eqr_maze_probe,aa86dee3dedcfe9cf7ee40e02628ad78d2816c09,1,0.590488,metrics.eval_clean.loop8.path_f1,runs/maze15-base-s600-20260617T0449Z-aa86dee,"2026-06-17 GPU1 Maze 15x15 perfect-maze base probe at aa86dee. Primary loop8 path_f1=0.5905, exact=0, loop gain=0.0000. It ties FutureSeed within noise, so this short setting is a task-plumbing diagnostic rather than evidence for FutureSeed transfer."
2026-06-17T05:06:43.983142+00:00,d320-updategate-cont-s26600-20260617T0400Z-424d395,full,424d395851a46481cd0252aa84ac0b7981a98f9a,0,0.328125,eval_by_holes.holes120.eval_clean.loop6.label_exact,runs/d320-updategate-cont-s26600-20260617T0400Z-424d395,"2026-06-17 GPU1 learned-gate D320 continuation from step23600 stopped at checkpoint step24600. h120 loop6 exact=0.3281, below prior checkpoint 0.3496 and not above prior final 0.3340. Lesson: same learned-gate continuation did not restore slope; free budget for Maze proxy and future state-dynamics changes."
2026-06-17T05:25:31.759967+00:00,maze21-pressure-fs-s1200-20260617T0525Z-ca0f837,eqr_maze_probe,ca0f83709963cbf25b60f75eec9f2abd0d173404,1,0.805056,metrics.eval_clean.loop10.path_f1,runs/maze21-pressure-fs-s1200-20260617T0525Z-ca0f837,"2026-06-17 GPU1 Maze21 recurrence-pressure FutureSeed run at ca0f837. 21x21 perfect mazes, path 80-140, path_loss_weight=1.5, hidden192 layers2 loops6/10. Loop10 path_f1=0.8051, loop gain=0.1177, pred_frac 0.3270->0.2797, precision 0.5640->0.7031. Lesson: harder maze exposes real recurrent path refinement."
2026-06-17T05:36:05.768376+00:00,maze21-pressure-base-s1200-20260617T0525Z-ca0f837,eqr_maze_probe,ca0f83709963cbf25b60f75eec9f2abd0d173404,1,0.761380,metrics.eval_clean.loop10.path_f1,runs/maze21-pressure-base-s1200-20260617T0525Z-ca0f837,"2026-06-17 GPU1 Maze21 recurrence-pressure base run at ca0f837. Same config as FS with future_seed_scale=0. Loop10 path_f1=0.7614, loop gain=0.0518, pred_frac 0.3474->0.3198, precision 0.5689->0.6308. Lesson: recurrence helps base too, but FS gives +0.0437 path_f1 and stronger over-prediction correction."
2026-06-17T06:29:49.629693+00:00,maze21-longviz-fs-s2400-20260617T0610Z-b09efc4,eqr_maze_probe,b09efc43c7ec26b4ef006feaf3ac6bfdc61c5e48,1,0.999695,metrics.eval_clean.loop10.path_f1,runs/maze21-longviz-fs-s2400-20260617T0610Z-b09efc4,"2026-06-17 GPU1 Maze21 FutureSeed long-viz run at b09efc4. Same Maze21 pressure config as prior FS but 2400 steps and MAZE_VIZ_CASES=12. Eval loop10 path_f1=0.9997, exact=0.9961, loop gain=0.2180. Exact opened after step1800; visualizations archive loop1/2/4/6/8/10 case trajectories. Lesson: high-F1 mask was not the ceiling; more compute plus recurrent refinement can reach exact path solving on Maze21."
2026-06-17T07:36:04.211890+00:00,maze31-frontier-fs-s1800-20260617T072102Z-4e9fd34,eqr_maze_probe,4e9fd341eca88c04e3e2f6dca3d68f476b72acdc,1,0.509435,metrics.eval_clean.loop12.path_f1,runs/maze31-frontier-fs-s1800-20260617T072102Z-4e9fd34,
2026-06-17T08:26:16Z,maze31-capacity-d320-s1200-20260617T074242Z-4e9fd34,eqr_maze_probe,4e9fd341eca88c04e3e2f6dca3d68f476b72acdc,1,,gpu1_lease_halt_after_step600_no_final_eval,runs/maze31-capacity-d320-s1200-20260617T074242Z-4e9fd34,"D320 Maze31 capacity probe interrupted before final eval. Observed step100-600 path_f1 stayed around 0.56 with exact 0.0, matching the D192 plateau; do not rerun identical hard-from-step-1 setup. Next high-ROI axis is Maze31 curriculum/data scaling."
2026-06-17T08:41:39Z,maze31-currbridge-d192-s2400-20260617T083706Z-d5a8258,eqr_maze_probe,d5a82583fd3e4f160cf86731c05f35a1bc3fc445,1,,low_roi_path_curriculum_short_stage_no_path_prediction_after_step600,runs/maze31-currbridge-d192-s2400-20260617T083706Z-d5a8258,"Early-stopped 80-140 -> 120-200 -> 160-260 curriculum. At step600 on 80-140, train path_f1 was only 0.1634 and exact 0.0; shorter-path warmup encouraged conservative non-PATH predictions."
2026-06-17T08:50:08Z,maze31-densitybridge-d192-s2400-20260617T084558Z-d5a8258,eqr_maze_probe,d5a82583fd3e4f160cf86731c05f35a1bc3fc445,1,,low_roi_density_preserving_curriculum_path_prediction_collapsed_by_step400,runs/maze31-densitybridge-d192-s2400-20260617T084558Z-d5a8258,"Early-stopped 120-200 -> 160-260 curriculum. Path_f1 collapsed from 0.0605 at step100 to 0.0164 at step400, worse than hard-from-start. Stop naive path-length curriculum for Maze31."
2026-06-17T09:20:39.498030+00:00,maze31-depth-d192l4-s1600-20260617T085426Z-d5a8258,eqr_maze_probe,d5a82583fd3e4f160cf86731c05f35a1bc3fc445,1,0.536420,metrics.eval_clean.loop12.path_f1,runs/maze31-depth-d192l4-s1600-20260617T085426Z-d5a8258,"Maze31 D192 depth scale from 2 layers to 4 layers. Final loop12 path_f1=0.5364, exact=0.0, loop gain=-0.0008; loop1/loop12 precision and recall are nearly identical. Depth-alone does not reopen recurrence."
2026-06-17T09:58:33.521537+00:00,maze31-jointscale-d256l4-s1200-20260617T093319Z-a64efac,eqr_maze_probe,a64efac5c206dd2a33e3cb42c7e94dd8af602498,1,0.564898,metrics.eval_clean.loop12.path_f1,runs/maze31-jointscale-d256l4-s1200-20260617T093319Z-a64efac,"Maze31 joint scale D256/L4. Final loop12 path_f1=0.5649 and exact=0.0, but loop gain=-0.0013. Recall improves to 0.8061 while precision stays 0.4376, so the model over-covers the path and loops do not prune wrong branches."
2026-06-17T11:18:29.492726+00:00,maze31-deltacarry-d256l4-s800-20260617T110219Z-3580610,eqr_maze_probe,3580610a3d716650567ac42f87ce11e114c19d84,1,0.572061,metrics.eval_clean.loop12.path_f1,runs/maze31-deltacarry-d256l4-s800-20260617T110219Z-3580610,"Positive delta-carry state dynamics. Loop12 path_f1=0.5721, exact=0.0, loop gain=+0.0012. Slight F1 improvement over clean D256/L4, but pred path fraction rises to 0.3697 and precision does not improve, so this amplifies over-coverage rather than pruning."
2026-06-17T11:43:52.962790+00:00,maze31-antidelta-d256l4-s600-20260617T113214Z-3580610,eqr_maze_probe,3580610a3d716650567ac42f87ce11e114c19d84,1,0.348090,metrics.eval_clean.loop12.path_f1,runs/maze31-antidelta-d256l4-s600-20260617T113214Z-3580610,Negative delta-carry state dynamics. Loop12 path_f1=0.3481 and exact=0.0; pred path fraction falls to 0.1217 but recall collapses to 0.2846. Fixed-sign damping under-covers; next state dynamics needs learned/gated update.
2026-06-17T13:46:11.573691+00:00,maze31-readoutgate-d256l4-s800-20260617T132624Z-e4e8afd,eqr_maze_probe,e4e8afd1f31076af022df4cfb4fe2ecce3644e3f,0,0.585087,metrics.eval_clean.loop12.path_f1,runs/maze31-readoutgate-d256l4-s800-20260617T132624Z-e4e8afd,"Learned readout-gated state update. H gate learned nontrivial values, but loop12 path_f1=0.5851 has loop gain only +0.0001 and pred path fraction=0.4646 vs true 0.1932. This improves broad-mask F1 over clean D256/L4 but does not create loop-based pruning; do not sweep gate bias."
2026-06-17T14:55:53.382770+00:00,maze31-statecompete-d256l4-s800-20260617T143502Z-63092e4,eqr_maze_probe,63092e42c5b17d11d786f724496b387448ba2723,0,0.587426,metrics.eval_clean.loop12.path_f1,runs/maze31-statecompete-d256l4-s800-20260617T143502Z-63092e4,"State-competition update over keep/proposed/context H candidates. Compared with readout-gate, loop12 precision improves 0.4157->0.4198 and pred_frac drops 0.4646->0.4556, but loop gain is -0.0001 and the proposed candidate still dominates at ~0.961. Small pruning-direction signal, not a loop-correction success."
2026-06-17T15:52:58.770925+00:00,maze31-statecompete-finalonly-l8-b16-s800-20260617T154101Z-19d7e0e,eqr_maze_probe,19d7e0eda7db61fc002e4cfc7cfeb1345181c191,0,0.585158,metrics.eval_clean.loop12.path_f1,runs/maze31-statecompete-finalonly-l8-b16-s800-20260617T154101Z-19d7e0e,"2026-06-17 GPU1 recurrence-pressure state_compete probe. Same Maze31 D256/L4 state competition but final-only loop loss, train_loops=8, batch reduced to 16 after B32 OOM. Loop12 path_f1=0.5852, exact=0.0, loop gain=-0.0001. loop1/loop12 precision 0.4163/0.4162 and pred_frac 0.4626/0.4629, candidate weights still collapse to proposed at ~0.961. Lesson: final-only supervision alone does not force later loops to prune; need stronger candidate generation/comparison, not gate/seed/bias sweeps."
2026-06-17T16:05:16.916504+00:00,maze31-statecompete-finalonly-l8-s800-20260617T153917Z-19d7e0e,eqr_maze_probe_abort,19d7e0eda7db61fc002e4cfc7cfeb1345181c191,0,,cuda_out_of_memory_before_step100,runs/maze31-statecompete-finalonly-l8-s800-20260617T153917Z-19d7e0e,"2026-06-17 GPU1 recurrence-pressure state_compete B32 resource attempt. D256/L4, train_loops=8, loop_loss=final, batch32 OOMed immediately on A800 80GB before step100. Archived abort.json and relaunched same hypothesis with batch16; this is resource-boundary evidence, not model-quality evidence."
2026-06-17T16:53:57.507723+00:00,maze31-statecompete-cross-d256l4-s800-20260617T164053Z-f19e66a,eqr_maze_probe,f19e66abb0714b4021ae84423ab7ca1f283ca63f,0,0.584681,metrics.eval_clean.loop12.path_f1,runs/maze31-statecompete-cross-d256l4-s800-20260617T164053Z-f19e66a,"2026-06-18 GPU1 Maze31 state_compete_cross probe from SHA f19e66a. Mechanism: context candidate generated from previous/proposed/delta/channel interaction plus generic noncausal attention, neutral competition init; no maze rules, repair, selector, seed/bias sweep. Completed 800 steps in 630.8s. Loop12 path_f1=0.5847, exact=0.0, loop gain=+0.0002. Candidate collapse fixed: loop12 weights keep/proposed/context=0.370/0.389/0.241 and context_minus_proposed_rms=1.03, but loop1/loop12 precision only 0.4156/0.4160 and pred_frac 0.4632/0.4622. Lesson: candidate diversity alone is insufficient; the alternative state must be trained to carry error-correcting information, not just be different."
